timestamp,ex1,ex2,ex3,ex4,ex5,ex6,ex7
2020-01-01 00:00:00,6.49,26.27,22.26,1.0,0.0,0.85,1038.2
2020-01-01 01:00:00,6.66,25.65,20.46,1.0,0.0,0.8,1038.1
2020-01-01 02:00:00,6.08,25.48,19.48,1.0,0.0,0.78,1038.5
2020-01-01 03:00:00,5.29,25.51,18.21,1.0,0.0,0.73,1038.9
2020-01-01 04:00:00,5.82,25.44,17.21,1.0,0.0,0.71,1039.2
2020-01-01 05:00:00,6.92,25.4,16.92,1.0,0.0,0.7,1039.7
2020-01-01 06:00:00,6.74,25.14,16.06,1.0,0.0,0.68,1040.1
2020-01-01 07:00:00,6.49,24.82,15.21,1.0,0.0,0.66,1040.9
2020-01-01 08:00:00,5.45,24.0,13.94,0.99,0.0,0.65,1041.6
2020-01-01 09:00:00,6.12,24.47,13.77,1.0,1.0,0.63,1042.3
2020-01-01 10:00:00,6.02,25.15,13.93,0.94,1.0,0.62,1043.0
2020-01-01 11:00:00,5.92,25.62,13.39,0.93,2.0,0.59,1042.4
2020-01-01 12:00:00,4.71,27.28,13.89,0.72,3.0,0.57,1041.9
2020-01-01 13:00:00,5.52,28.67,14.75,0.97,3.0,0.56,1040.8
2020-01-01 14:00:00,4.24,29.49,15.39,1.0,2.0,0.55,1039.9
2020-01-01 15:00:00,3.41,29.78,15.73,1.0,1.0,0.55,1038.9
2020-01-01 16:00:00,2.68,30.26,15.78,1.0,1.0,0.54,1038.9
2020-01-01 17:00:00,3.98,30.14,16.13,1.0,0.0,0.56,1038.5
2020-01-01 18:00:00,3.01,29.22,16.08,1.0,0.0,0.58,1037.8
2020-01-01 19:00:00,1.69,28.81,16.28,1.0,0.0,0.59,1038.9
2020-01-01 20:00:00,2.55,28.79,15.87,1.0,0.0,0.58,1038.5
2020-01-01 21:00:00,2.21,28.68,15.86,1.0,0.0,0.58,1038.8
2020-01-01 22:00:00,1.44,28.57,15.13,1.0,0.0,0.57,1038.7
2020-01-01 23:00:00,1.35,28.54,14.73,1.0,0.0,0.56,1038.4
2020-01-02 00:00:00,1.7,28.5,14.38,1.0,0.0,0.55,1038.1
2020-01-02 01:00:00,2.07,28.34,14.13,1.0,0.0,0.55,1037.4
2020-01-02 02:00:00,1.33,28.29,14.25,1.0,0.0,0.55,1037.5
2020-01-02 03:00:00,1.75,28.21,14.25,1.0,0.0,0.55,1037.0
2020-01-02 04:00:00,1.59,28.06,14.27,1.0,0.0,0.56,1036.7
2020-01-02 05:00:00,1.87,27.78,14.32,1.0,0.0,0.57,1036.7
2020-01-02 06:00:00,1.88,27.64,14.65,1.0,0.0,0.58,1036.4
2020-01-02 07:00:00,0.98,27.55,14.7,1.0,0.0,0.58,1036.6
2020-01-02 08:00:00,1.31,27.56,14.92,1.0,0.0,0.59,1036.9
2020-01-02 09:00:00,1.56,27.95,15.29,1.0,1.0,0.59,1037.1
2020-01-02 10:00:00,1.62,28.7,15.16,1.0,1.0,0.56,1036.9
2020-01-02 11:00:00,1.62,29.51,14.83,1.0,2.0,0.54,1036.8
2020-01-02 12:00:00,1.92,30.46,14.8,1.0,3.0,0.52,1036.0
2020-01-02 13:00:00,2.37,30.82,15.37,1.0,3.0,0.52,1034.3
2020-01-02 14:00:00,1.05,30.82,16.76,1.0,2.0,0.56,1033.0
2020-01-02 15:00:00,1.98,30.33,17.84,1.0,1.0,0.59,1033.1
2020-01-02 16:00:00,2.01,29.69,22.33,1.0,1.0,0.74,1033.6
2020-01-02 17:00:00,2.11,28.5,24.51,1.0,0.0,0.85,1033.8
2020-01-02 18:00:00,1.53,28.32,24.81,1.0,0.0,0.87,1033.8
2020-01-02 19:00:00,2.5,28.14,24.22,1.0,0.0,0.85,1034.5
2020-01-02 20:00:00,2.67,27.8,23.26,1.0,0.0,0.83,1034.7
2020-01-02 21:00:00,2.04,27.43,22.27,1.0,0.0,0.81,1035.1
2020-01-02 22:00:00,1.19,26.95,21.77,1.0,0.0,0.81,1035.2
2020-01-02 23:00:00,1.58,26.58,21.5,0.99,0.0,0.81,1035.3
2020-01-03 00:00:00,0.46,25.61,20.47,0.61,0.0,0.81,1034.8
2020-01-03 01:00:00,0.26,23.79,19.63,0.0,0.0,0.84,1034.5
2020-01-03 02:00:00,0.25,22.92,18.89,0.0,0.0,0.84,1034.1
2020-01-03 03:00:00,0.39,21.87,18.29,0.0,0.0,0.86,1033.7
2020-01-03 04:00:00,0.4,21.5,17.6,0.0,0.0,0.85,1033.7
2020-01-03 05:00:00,0.42,21.61,17.39,0.0,0.0,0.84,1033.6
2020-01-03 06:00:00,0.44,21.22,17.1,0.0,0.0,0.84,1033.6
2020-01-03 07:00:00,0.24,20.39,17.09,0.0,0.0,0.87,1033.3
2020-01-03 08:00:00,0.27,20.89,17.66,0.0,0.0,0.87,1033.6
2020-01-03 09:00:00,1.3,27.16,21.49,0.0,1.0,0.79,1033.5
2020-01-03 10:00:00,1.15,32.65,23.24,0.0,2.0,0.68,1033.6
2020-01-03 11:00:00,1.34,38.31,24.03,0.0,3.0,0.56,1033.2
2020-01-03 12:00:00,1.52,42.93,24.79,0.0,4.0,0.48,1032.1
2020-01-03 13:00:00,1.93,47.36,25.33,0.0,4.0,0.42,1030.4
2020-01-03 14:00:00,2.0,51.27,24.65,0.0,3.0,0.35,1029.0
2020-01-03 15:00:00,1.32,53.8,23.74,0.0,2.0,0.31,1028.1
2020-01-03 16:00:00,1.45,55.19,23.26,0.0,1.0,0.29,1027.6
2020-01-03 17:00:00,0.77,54.75,23.62,0.0,0.0,0.3,1027.3
2020-01-03 18:00:00,0.05,50.26,24.25,0.0,0.0,0.36,1027.7
2020-01-03 19:00:00,0.25,44.34,25.05,0.0,0.0,0.46,1028.5
2020-01-03 20:00:00,0.21,41.66,25.6,0.0,0.0,0.53,1028.6
2020-01-03 21:00:00,0.22,38.43,25.75,0.0,0.0,0.6,1029.0
2020-01-03 22:00:00,0.08,36.47,25.68,0.0,0.0,0.65,1028.8
2020-01-03 23:00:00,0.01,34.98,24.87,0.0,0.0,0.66,1029.2
2020-01-04 00:00:00,0.04,32.92,24.84,0.0,0.0,0.72,1028.5
2020-01-04 01:00:00,0.05,31.48,24.61,0.0,0.0,0.75,1028.8
2020-01-04 02:00:00,0.01,30.62,24.8,0.0,0.0,0.79,1028.1
2020-01-04 03:00:00,0.05,29.4,24.57,0.0,0.0,0.82,1028.3
2020-01-04 04:00:00,0.04,28.66,23.76,0.0,0.0,0.82,1028.3
2020-01-04 05:00:00,0.05,28.61,24.18,0.0,0.0,0.83,1028.5
2020-01-04 06:00:00,0.03,28.56,23.83,0.0,0.0,0.82,1028.7
2020-01-04 07:00:00,0.05,27.74,23.5,0.0,0.0,0.84,1029.4
2020-01-04 08:00:00,0.05,27.61,23.74,0.0,0.0,0.85,1029.2
2020-01-04 09:00:00,0.11,33.7,28.5,0.0,1.0,0.81,1029.8
2020-01-04 10:00:00,0.37,43.67,28.81,0.0,2.0,0.56,1030.1
2020-01-04 11:00:00,0.7,47.78,26.35,0.0,3.0,0.43,1029.7
2020-01-04 12:00:00,0.54,50.49,26.8,0.0,4.0,0.4,1029.2
2020-01-04 13:00:00,0.67,52.33,26.46,0.0,4.0,0.36,1028.2
2020-01-04 14:00:00,0.86,53.93,26.61,0.0,3.0,0.35,1027.1
2020-01-04 15:00:00,0.6,53.94,27.12,0.0,2.0,0.35,1026.7
2020-01-04 16:00:00,0.83,53.68,26.17,0.0,1.0,0.34,1026.7
2020-01-04 17:00:00,0.57,52.65,26.86,0.0,0.0,0.37,1026.7
2020-01-04 18:00:00,0.16,50.48,27.23,0.0,0.0,0.4,1027.0
2020-01-04 19:00:00,0.14,48.1,28.25,0.22,0.0,0.46,1027.2
2020-01-04 20:00:00,0.02,46.78,28.68,0.0,0.0,0.49,1027.6
2020-01-04 21:00:00,0.21,45.72,29.28,0.0,0.0,0.52,1027.7
2020-01-04 22:00:00,0.04,45.17,29.3,0.02,0.0,0.54,1027.9
2020-01-04 23:00:00,0.14,44.68,29.52,0.31,0.0,0.55,1028.0
2020-01-05 00:00:00,0.08,44.43,29.44,0.92,0.0,0.55,1028.1
2020-01-05 01:00:00,0.25,44.41,29.25,0.82,0.0,0.55,1027.7
2020-01-05 02:00:00,0.14,44.13,29.04,0.75,0.0,0.55,1027.7
2020-01-05 03:00:00,0.05,43.43,29.24,0.31,0.0,0.57,1027.7
2020-01-05 04:00:00,0.16,43.48,28.56,1.0,0.0,0.55,1027.7
2020-01-05 05:00:00,0.13,42.87,29.84,1.0,0.0,0.6,1028.0
2020-01-05 06:00:00,0.08,42.45,30.54,0.97,0.0,0.62,1028.1
2020-01-05 07:00:00,0.05,42.41,30.87,1.0,0.0,0.63,1028.6
2020-01-05 08:00:00,0.22,42.35,31.11,0.8,0.0,0.64,1028.5
2020-01-05 09:00:00,0.31,44.71,31.95,0.98,1.0,0.61,1029.3
2020-01-05 10:00:00,1.02,48.83,30.78,0.66,1.0,0.5,1029.8
2020-01-05 11:00:00,1.31,51.66,30.36,0.44,3.0,0.44,1030.1
2020-01-05 12:00:00,1.49,55.21,30.51,0.2,3.0,0.39,1029.1
2020-01-05 13:00:00,2.85,57.89,30.23,0.11,4.0,0.35,1027.5
2020-01-05 14:00:00,3.24,59.6,29.46,0.02,3.0,0.32,1026.4
2020-01-05 15:00:00,3.13,60.18,29.17,0.0,2.0,0.31,1026.0
2020-01-05 16:00:00,1.89,60.24,29.29,0.0,1.0,0.31,1026.0
2020-01-05 17:00:00,2.6,58.59,28.84,0.0,0.0,0.32,1025.4
2020-01-05 18:00:00,0.24,54.38,29.5,0.0,0.0,0.38,1025.5
2020-01-05 19:00:00,0.16,50.19,29.52,0.0,0.0,0.45,1025.8
2020-01-05 20:00:00,0.11,47.12,29.76,0.0,0.0,0.51,1026.7
2020-01-05 21:00:00,0.25,46.87,30.55,0.0,0.0,0.53,1027.0
2020-01-05 22:00:00,0.68,46.04,30.72,0.0,0.0,0.55,1026.6
2020-01-05 23:00:00,0.79,46.51,32.98,0.0,0.0,0.59,1026.6
2020-01-06 00:00:00,0.55,45.46,34.91,0.0,0.0,0.66,1026.5
2020-01-06 01:00:00,0.14,43.73,35.57,0.0,0.0,0.73,1026.5
2020-01-06 02:00:00,0.06,42.3,35.63,0.0,0.0,0.77,1026.9
2020-01-06 03:00:00,0.02,40.9,35.74,0.0,0.0,0.82,1026.5
2020-01-06 04:00:00,0.01,39.39,35.41,0.0,0.0,0.86,1026.7
2020-01-06 05:00:00,0.0,38.77,35.15,0.0,0.0,0.87,1026.9
2020-01-06 06:00:00,0.03,39.28,36.63,0.96,0.0,0.9,1027.3
2020-01-06 07:00:00,0.02,40.55,37.9,1.0,0.0,0.9,1027.1
2020-01-06 08:00:00,0.01,41.88,39.33,1.0,0.0,0.91,1027.3
2020-01-06 09:00:00,0.06,44.17,41.53,1.0,1.0,0.9,1028.4
2020-01-06 10:00:00,0.47,47.25,44.38,1.0,1.0,0.9,1029.0
2020-01-06 11:00:00,0.64,51.37,46.94,1.0,2.0,0.85,1029.0
2020-01-06 12:00:00,0.62,56.92,49.22,0.55,3.0,0.75,1027.7
2020-01-06 13:00:00,2.63,61.03,50.41,0.47,3.0,0.68,1026.6
2020-01-06 14:00:00,1.91,61.73,50.68,0.91,2.0,0.67,1025.5
2020-01-06 15:00:00,1.5,61.78,50.96,1.0,2.0,0.68,1025.1
2020-01-06 16:00:00,1.59,62.06,51.0,1.0,1.0,0.67,1024.6
2020-01-06 17:00:00,0.8,61.69,50.97,1.0,0.0,0.68,1024.4
2020-01-06 18:00:00,0.18,58.92,50.22,0.87,0.0,0.73,1024.0
2020-01-06 19:00:00,0.05,56.19,49.4,0.75,0.0,0.78,1023.7
2020-01-06 20:00:00,0.25,55.43,49.24,0.81,0.0,0.8,1023.8
2020-01-06 21:00:00,1.01,56.1,49.63,0.75,0.0,0.79,1023.5
2020-01-06 22:00:00,3.67,56.21,50.4,1.0,0.0,0.81,1023.4
2020-01-06 23:00:00,3.6,54.85,51.04,0.79,0.0,0.87,1023.4
2020-01-07 00:00:00,3.61,54.18,51.28,0.78,0.0,0.9,1022.6
2020-01-07 01:00:00,4.11,53.98,51.46,1.0,0.0,0.91,1021.9
2020-01-07 02:00:00,3.12,53.83,51.48,1.0,0.0,0.92,1021.3
2020-01-07 03:00:00,4.36,53.8,51.62,1.0,0.0,0.92,1020.7
2020-01-07 04:00:00,4.19,54.05,51.6,1.0,0.0,0.91,1019.9
2020-01-07 05:00:00,2.77,54.17,52.19,1.0,0.0,0.93,1019.2
2020-01-07 06:00:00,3.61,54.4,52.51,1.0,0.0,0.93,1018.4
2020-01-07 07:00:00,2.37,54.55,52.65,1.0,0.0,0.93,1018.5
2020-01-07 08:00:00,2.03,54.67,52.86,1.0,0.0,0.94,1018.4
2020-01-07 09:00:00,3.16,55.28,53.07,1.0,1.0,0.92,1018.5
2020-01-07 10:00:00,4.33,58.17,54.95,1.0,1.0,0.89,1018.0
2020-01-07 11:00:00,4.59,61.54,56.15,1.0,2.0,0.82,1017.1
2020-01-07 12:00:00,6.26,64.91,57.59,1.0,3.0,0.77,1015.7
2020-01-07 13:00:00,6.57,66.35,57.86,1.0,3.0,0.74,1013.6
2020-01-07 14:00:00,5.13,66.18,57.93,1.0,2.0,0.75,1013.0
2020-01-07 15:00:00,4.64,66.26,58.3,1.0,2.0,0.76,1012.4
2020-01-07 16:00:00,4.68,66.23,58.45,1.0,1.0,0.76,1012.1
2020-01-07 17:00:00,1.35,66.02,58.54,0.55,0.0,0.77,1012.0
2020-01-07 18:00:00,0.46,65.2,58.53,1.0,0.0,0.79,1012.6
2020-01-07 19:00:00,0.17,63.82,58.63,1.0,0.0,0.83,1013.2
2020-01-07 20:00:00,0.42,62.13,58.26,0.99,0.0,0.87,1013.8
2020-01-07 21:00:00,0.61,60.67,57.11,0.75,0.0,0.88,1014.2
2020-01-07 22:00:00,0.74,58.75,56.5,0.01,0.0,0.92,1014.1
2020-01-07 23:00:00,1.63,57.97,55.58,0.0,0.0,0.92,1014.4
2020-01-08 00:00:00,3.22,56.6,47.13,0.03,0.0,0.71,1015.6
2020-01-08 01:00:00,3.8,54.94,43.43,0.0,0.0,0.65,1016.1
2020-01-08 02:00:00,5.07,54.15,41.65,0.0,0.0,0.63,1016.8
2020-01-08 03:00:00,5.83,53.09,41.57,0.0,0.0,0.65,1016.9
2020-01-08 04:00:00,5.41,51.91,38.58,0.0,0.0,0.6,1017.7
2020-01-08 05:00:00,5.33,50.93,37.31,0.0,0.0,0.59,1018.3
2020-01-08 06:00:00,5.31,50.84,37.0,0.0,0.0,0.59,1019.3
2020-01-08 07:00:00,2.46,49.46,36.94,0.0,0.0,0.62,1020.3
2020-01-08 08:00:00,2.52,48.58,36.97,0.0,0.0,0.64,1020.9
2020-01-08 09:00:00,2.93,51.28,37.79,0.0,1.0,0.6,1021.7
2020-01-08 10:00:00,5.51,55.43,39.16,0.0,2.0,0.54,1022.3
2020-01-08 11:00:00,5.55,58.67,39.43,0.0,3.0,0.49,1022.4
2020-01-08 12:00:00,4.52,61.51,39.92,0.0,4.0,0.45,1021.7
2020-01-08 13:00:00,2.42,63.46,40.1,0.0,4.0,0.42,1020.8
2020-01-08 14:00:00,5.19,65.08,40.08,0.0,3.0,0.4,1019.8
2020-01-08 15:00:00,4.59,66.31,39.12,0.0,2.0,0.37,1019.5
2020-01-08 16:00:00,5.0,66.67,38.84,0.0,1.0,0.36,1019.5
2020-01-08 17:00:00,3.16,66.08,37.69,0.0,0.0,0.35,1019.9
2020-01-08 18:00:00,0.29,61.77,38.31,0.0,0.0,0.42,1020.1
2020-01-08 19:00:00,0.52,55.97,37.66,0.0,0.0,0.5,1020.5
2020-01-08 20:00:00,0.21,52.97,37.63,0.0,0.0,0.56,1021.2
2020-01-08 21:00:00,0.27,50.26,36.99,0.0,0.0,0.6,1021.8
2020-01-08 22:00:00,0.05,48.39,36.94,0.0,0.0,0.64,1022.0
2020-01-08 23:00:00,0.28,46.94,37.08,0.0,0.0,0.68,1021.9
2020-01-09 00:00:00,0.39,45.08,36.7,0.0,0.0,0.72,1021.6
2020-01-09 01:00:00,0.22,44.28,36.65,0.0,0.0,0.74,1021.8
2020-01-09 02:00:00,0.29,42.82,36.19,0.0,0.0,0.77,1021.7
2020-01-09 03:00:00,0.25,41.44,35.87,0.0,0.0,0.8,1021.6
2020-01-09 04:00:00,0.46,40.06,35.68,0.0,0.0,0.84,1021.5
2020-01-09 05:00:00,0.14,39.28,35.24,0.0,0.0,0.85,1021.2
2020-01-09 06:00:00,0.13,38.32,34.76,0.0,0.0,0.87,1021.0
2020-01-09 07:00:00,0.07,37.36,34.55,0.0,0.0,0.89,1021.5
2020-01-09 08:00:00,0.09,36.94,34.73,0.0,0.0,0.92,1021.9
2020-01-09 09:00:00,0.13,45.04,39.46,0.0,1.0,0.81,1022.3
2020-01-09 10:00:00,0.27,51.28,41.57,0.0,2.0,0.69,1022.5
2020-01-09 11:00:00,0.43,56.91,42.48,0.0,3.0,0.58,1022.2
2020-01-09 12:00:00,0.94,60.27,42.78,0.0,4.0,0.52,1020.8
2020-01-09 13:00:00,0.79,64.6,42.63,0.0,4.0,0.45,1019.1
2020-01-09 14:00:00,0.96,66.62,42.3,0.0,3.0,0.41,1017.8
2020-01-09 15:00:00,0.93,68.95,41.29,0.0,2.0,0.37,1016.7
2020-01-09 16:00:00,1.34,69.21,41.29,0.0,1.0,0.36,1016.3
2020-01-09 17:00:00,1.07,67.57,41.16,0.0,0.0,0.38,1016.3
2020-01-09 18:00:00,0.44,62.78,41.09,0.0,0.0,0.45,1016.4
2020-01-09 19:00:00,0.27,58.97,40.19,0.0,0.0,0.5,1016.7
2020-01-09 20:00:00,0.32,55.57,40.11,0.0,0.0,0.56,1017.3
2020-01-09 21:00:00,0.48,53.09,40.54,0.0,0.0,0.62,1017.1
2020-01-09 22:00:00,0.7,51.75,42.02,0.0,0.0,0.69,1017.3
2020-01-09 23:00:00,0.91,50.64,42.65,0.0,0.0,0.74,1017.3
2020-01-10 00:00:00,1.15,49.3,44.01,0.0,0.0,0.82,1016.9
2020-01-10 01:00:00,1.22,47.83,44.09,0.04,0.0,0.87,1016.4
2020-01-10 02:00:00,2.56,47.25,45.04,0.98,0.0,0.92,1015.7
2020-01-10 03:00:00,3.09,47.15,45.16,1.0,0.0,0.93,1015.4
2020-01-10 04:00:00,2.14,47.2,45.37,1.0,0.0,0.93,1015.4
2020-01-10 05:00:00,3.08,47.34,45.9,1.0,0.0,0.95,1014.8
2020-01-10 06:00:00,4.37,47.63,45.82,1.0,0.0,0.93,1015.0
2020-01-10 07:00:00,1.13,48.02,46.5,1.0,0.0,0.94,1015.5
2020-01-10 08:00:00,1.1,48.52,47.13,1.0,0.0,0.95,1015.2
2020-01-10 09:00:00,0.67,49.64,48.21,1.0,1.0,0.95,1015.2
2020-01-10 10:00:00,0.93,51.48,49.65,1.0,1.0,0.93,1015.6
2020-01-10 11:00:00,3.55,54.07,51.33,1.0,2.0,0.9,1015.1
2020-01-10 12:00:00,3.61,56.92,52.45,1.0,3.0,0.85,1014.1
2020-01-10 13:00:00,4.09,61.07,53.7,1.0,3.0,0.77,1011.7
2020-01-10 14:00:00,4.77,64.75,53.69,0.76,3.0,0.67,1009.9
2020-01-10 15:00:00,5.55,67.52,53.96,0.3,2.0,0.62,1007.6
2020-01-10 16:00:00,5.22,68.99,54.04,0.16,1.0,0.59,1007.5
2020-01-10 17:00:00,5.19,68.46,54.02,0.0,0.0,0.6,1006.4
2020-01-10 18:00:00,1.95,65.83,54.09,0.02,0.0,0.66,1006.3
2020-01-10 19:00:00,1.7,63.57,53.98,0.04,0.0,0.71,1007.4
2020-01-10 20:00:00,3.88,62.2,54.38,0.62,0.0,0.76,1007.6
2020-01-10 21:00:00,3.24,61.18,54.96,0.38,0.0,0.8,1007.8
2020-01-10 22:00:00,4.31,60.69,55.55,0.76,0.0,0.83,1007.8
2020-01-10 23:00:00,1.65,60.84,56.06,1.0,0.0,0.84,1009.7
2020-01-11 00:00:00,0.32,61.0,56.44,1.0,0.0,0.85,1009.7
2020-01-11 01:00:00,0.07,59.77,57.25,1.0,0.0,0.91,1008.9
2020-01-11 02:00:00,0.79,59.04,56.75,0.92,0.0,0.92,1008.5
2020-01-11 03:00:00,0.82,58.32,56.56,0.46,0.0,0.94,1007.2
2020-01-11 04:00:00,0.61,57.6,55.91,0.75,0.0,0.94,1007.0
2020-01-11 05:00:00,0.46,57.43,56.27,1.0,0.0,0.96,1006.8
2020-01-11 06:00:00,0.2,57.3,55.79,0.81,0.0,0.95,1007.2
2020-01-11 07:00:00,0.18,57.54,56.15,1.0,0.0,0.95,1007.9
2020-01-11 08:00:00,0.35,57.92,56.4,1.0,0.0,0.95,1008.5
2020-01-11 09:00:00,0.44,59.79,58.01,1.0,1.0,0.94,1009.0
2020-01-11 10:00:00,1.51,62.75,59.52,1.0,1.0,0.89,1009.5
2020-01-11 11:00:00,2.08,66.65,59.79,0.77,2.0,0.79,1009.6
2020-01-11 12:00:00,5.5,68.95,53.74,0.71,3.0,0.58,1009.0
2020-01-11 13:00:00,4.68,69.38,46.82,0.53,3.0,0.44,1008.8
2020-01-11 14:00:00,7.37,65.4,42.89,0.65,3.0,0.44,1009.3
2020-01-11 15:00:00,9.34,59.48,37.87,0.68,2.0,0.45,1011.6
2020-01-11 16:00:00,9.65,52.4,33.17,0.2,1.0,0.48,1013.9
2020-01-11 17:00:00,9.63,46.84,31.05,0.52,0.0,0.54,1016.6
2020-01-11 18:00:00,6.73,45.21,30.21,0.74,0.0,0.55,1018.3
2020-01-11 19:00:00,4.17,45.7,29.17,0.26,0.0,0.52,1019.7
2020-01-11 20:00:00,5.72,46.79,24.71,0.0,0.0,0.42,1020.2
2020-01-11 21:00:00,7.36,46.17,20.29,0.0,0.0,0.35,1021.2
2020-01-11 22:00:00,7.68,45.51,18.77,0.0,0.0,0.34,1022.0
2020-01-11 23:00:00,7.76,44.48,18.28,0.0,0.0,0.35,1022.6
2020-01-12 00:00:00,6.7,43.07,18.14,0.0,0.0,0.36,1022.8
2020-01-12 01:00:00,7.98,41.6,17.98,0.0,0.0,0.38,1022.9
2020-01-12 02:00:00,6.49,39.92,17.75,0.0,0.0,0.4,1022.9
2020-01-12 03:00:00,6.46,38.4,17.87,0.0,0.0,0.43,1023.7
2020-01-12 04:00:00,5.69,36.92,17.58,0.0,0.0,0.45,1024.4
2020-01-12 05:00:00,4.35,35.88,17.46,0.0,0.0,0.47,1025.1
2020-01-12 06:00:00,2.17,34.75,16.77,0.0,0.0,0.47,1025.6
2020-01-12 07:00:00,1.08,33.66,16.62,0.0,0.0,0.49,1026.3
2020-01-12 08:00:00,1.71,33.06,16.85,0.0,0.0,0.51,1027.4
2020-01-12 09:00:00,2.58,36.25,16.81,0.0,1.0,0.45,1027.9
2020-01-12 10:00:00,5.79,39.9,16.78,0.0,2.0,0.39,1028.6
2020-01-12 11:00:00,4.78,43.42,17.58,0.0,3.0,0.35,1028.6
2020-01-12 12:00:00,4.51,47.39,18.19,0.0,4.0,0.31,1027.4
2020-01-12 13:00:00,3.47,51.02,18.39,0.0,4.0,0.27,1025.6
2020-01-12 14:00:00,3.53,53.27,17.14,0.0,3.0,0.24,1024.0
2020-01-12 15:00:00,3.14,54.63,17.66,0.0,2.0,0.23,1023.6
2020-01-12 16:00:00,2.31,54.65,17.64,0.0,1.0,0.23,1023.6
2020-01-12 17:00:00,1.75,53.21,17.76,0.0,0.0,0.24,1024.1
2020-01-12 18:00:00,0.39,49.7,19.09,0.0,0.0,0.29,1025.0
2020-01-12 19:00:00,0.56,45.77,19.05,0.0,0.0,0.34,1025.7
2020-01-12 20:00:00,1.14,43.46,18.72,0.0,0.0,0.37,1026.5
2020-01-12 21:00:00,1.23,41.84,18.22,0.0,0.0,0.38,1027.5
2020-01-12 22:00:00,1.67,40.83,18.44,0.0,0.0,0.4,1028.5
2020-01-12 23:00:00,2.11,39.34,18.01,0.0,0.0,0.42,1029.7
2020-01-13 00:00:00,1.34,37.67,17.81,0.0,0.0,0.44,1030.3
2020-01-13 01:00:00,0.92,36.29,17.8,0.0,0.0,0.47,1030.5
2020-01-13 02:00:00,1.17,34.83,17.81,0.0,0.0,0.49,1031.0
2020-01-13 03:00:00,1.24,33.69,18.0,0.0,0.0,0.52,1031.8
2020-01-13 04:00:00,0.61,32.61,18.13,0.0,0.0,0.55,1032.6
2020-01-13 05:00:00,0.71,31.61,18.18,0.0,0.0,0.57,1033.1
2020-01-13 06:00:00,0.69,31.18,18.09,0.0,0.0,0.58,1033.9
2020-01-13 07:00:00,1.32,30.5,17.93,0.0,0.0,0.59,1035.3
2020-01-13 08:00:00,1.65,30.65,17.5,0.0,0.0,0.58,1036.1
2020-01-13 09:00:00,4.45,33.52,17.59,0.0,1.0,0.52,1037.0
2020-01-13 10:00:00,3.59,36.47,17.68,0.0,2.0,0.46,1037.8
2020-01-13 11:00:00,3.0,40.06,18.16,0.0,3.0,0.41,1038.3
2020-01-13 12:00:00,3.05,43.4,18.2,0.0,4.0,0.36,1037.5
2020-01-13 13:00:00,1.81,46.68,18.18,0.0,4.0,0.32,1036.0
2020-01-13 14:00:00,1.37,49.65,17.82,0.0,3.0,0.28,1035.1
2020-01-13 15:00:00,1.16,50.92,16.97,0.0,2.0,0.26,1034.5
2020-01-13 16:00:00,0.83,51.72,16.42,0.0,1.0,0.24,1034.1
2020-01-13 17:00:00,0.34,50.99,16.82,0.0,0.0,0.25,1033.8
2020-01-13 18:00:00,0.06,47.34,19.14,0.0,0.0,0.32,1034.2
2020-01-13 19:00:00,0.05,43.06,18.6,0.0,0.0,0.37,1034.3
2020-01-13 20:00:00,0.32,40.47,19.41,0.0,0.0,0.42,1034.5
2020-01-13 21:00:00,0.12,39.35,19.41,0.0,0.0,0.44,1034.8
2020-01-13 22:00:00,0.06,38.35,19.69,0.0,0.0,0.47,1035.2
2020-01-13 23:00:00,0.06,35.93,20.02,0.0,0.0,0.52,1035.1
2020-01-14 00:00:00,0.03,34.18,20.39,0.0,0.0,0.57,1034.9
2020-01-14 01:00:00,0.01,31.59,20.83,0.0,0.0,0.64,1034.5
2020-01-14 02:00:00,0.0,31.05,21.44,0.0,0.0,0.67,1033.8
2020-01-14 03:00:00,0.02,30.3,21.07,0.0,0.0,0.68,1033.3
2020-01-14 04:00:00,0.01,30.07,20.92,0.0,0.0,0.68,1033.2
2020-01-14 05:00:00,0.07,29.97,21.23,0.0,0.0,0.7,1033.2
2020-01-14 06:00:00,0.09,29.9,21.17,0.0,0.0,0.7,1033.3
2020-01-14 07:00:00,0.14,29.84,21.33,0.0,0.0,0.7,1034.0
2020-01-14 08:00:00,0.04,29.86,22.19,0.0,0.0,0.73,1034.3
2020-01-14 09:00:00,0.73,37.07,25.16,0.0,1.0,0.62,1034.4
2020-01-14 10:00:00,2.67,42.26,26.71,0.0,2.0,0.54,1035.4
2020-01-14 11:00:00,3.49,47.25,28.35,0.0,3.0,0.48,1035.3
2020-01-14 12:00:00,3.34,51.49,30.52,0.0,4.0,0.44,1033.6
2020-01-14 13:00:00,3.92,55.66,36.31,0.0,4.0,0.48,1032.2
2020-01-14 14:00:00,5.9,58.04,37.1,0.0,3.0,0.46,1030.5
2020-01-14 15:00:00,3.86,59.27,37.15,0.0,2.0,0.44,1029.8
2020-01-14 16:00:00,2.47,60.32,37.6,0.0,1.0,0.43,1029.5
2020-01-14 17:00:00,1.9,59.52,37.61,0.0,0.0,0.44,1028.9
2020-01-14 18:00:00,0.05,55.88,37.81,0.0,0.0,0.51,1028.9
2020-01-14 19:00:00,0.12,50.76,36.67,0.0,0.0,0.58,1029.0
2020-01-14 20:00:00,0.03,47.74,35.94,0.0,0.0,0.63,1029.2
2020-01-14 21:00:00,0.07,45.68,36.41,0.0,0.0,0.7,1029.6
2020-01-14 22:00:00,0.33,45.76,37.39,0.0,0.0,0.72,1029.7
2020-01-14 23:00:00,0.37,45.35,38.36,0.0,0.0,0.76,1029.6
2020-01-15 00:00:00,0.18,43.77,38.25,0.0,0.0,0.81,1029.8
2020-01-15 01:00:00,0.37,42.39,38.1,0.0,0.0,0.85,1028.9
2020-01-15 02:00:00,0.13,41.28,38.04,0.0,0.0,0.88,1028.3
2020-01-15 03:00:00,0.14,40.28,37.53,0.0,0.0,0.9,1027.8
2020-01-15 04:00:00,0.12,39.5,37.04,0.0,0.0,0.91,1027.4
2020-01-15 05:00:00,0.16,38.89,36.93,0.0,0.0,0.93,1026.9
2020-01-15 06:00:00,0.22,38.83,37.26,0.45,0.0,0.94,1026.6
2020-01-15 07:00:00,0.32,39.56,37.89,0.46,0.0,0.94,1026.7
2020-01-15 08:00:00,0.18,41.11,38.76,0.52,0.0,0.91,1026.9
2020-01-15 09:00:00,0.44,44.08,43.03,0.75,1.0,0.96,1027.2
2020-01-15 10:00:00,1.6,50.78,47.23,0.75,1.0,0.88,1027.3
2020-01-15 11:00:00,3.49,56.51,49.86,0.92,2.0,0.78,1027.4
2020-01-15 12:00:00,3.97,61.7,52.37,0.96,3.0,0.71,1026.1
2020-01-15 13:00:00,3.64,65.14,52.16,0.75,3.0,0.63,1024.2
2020-01-15 14:00:00,5.23,66.18,51.25,0.91,3.0,0.59,1023.0
2020-01-15 15:00:00,4.64,67.05,51.11,1.0,2.0,0.57,1022.5
2020-01-15 16:00:00,2.43,66.8,50.94,0.76,1.0,0.57,1022.7
2020-01-15 17:00:00,0.55,65.91,50.48,1.0,0.0,0.57,1022.8
2020-01-15 18:00:00,0.72,63.63,50.91,1.0,0.0,0.63,1023.2
2020-01-15 19:00:00,0.72,61.88,51.98,1.0,0.0,0.7,1024.1
2020-01-15 20:00:00,0.94,60.27,52.1,0.83,0.0,0.74,1024.8
2020-01-15 21:00:00,0.49,58.93,51.74,1.0,0.0,0.77,1025.9
2020-01-15 22:00:00,7.15,44.47,39.79,1.0,0.0,0.84,1028.5
2020-01-15 23:00:00,9.64,39.71,36.87,1.0,0.0,0.89,1031.0
2020-01-16 00:00:00,7.28,37.43,35.12,1.0,0.0,0.91,1032.7
2020-01-16 01:00:00,8.78,35.49,32.85,1.0,0.0,0.9,1034.0
2020-01-16 02:00:00,7.07,32.49,29.79,1.0,0.0,0.9,1034.9
2020-01-16 03:00:00,6.22,31.29,27.97,1.0,0.0,0.87,1035.4
2020-01-16 04:00:00,6.57,29.56,25.3,1.0,0.0,0.84,1036.2
2020-01-16 05:00:00,7.7,28.14,21.69,1.0,0.0,0.76,1036.7
2020-01-16 06:00:00,7.91,27.13,20.28,1.0,0.0,0.75,1037.6
2020-01-16 07:00:00,6.79,26.33,17.49,1.0,0.0,0.69,1038.3
2020-01-16 08:00:00,7.4,26.03,15.17,1.0,0.0,0.63,1039.3
2020-01-16 09:00:00,8.15,25.64,14.06,1.0,1.0,0.61,1040.3
2020-01-16 10:00:00,7.4,25.56,14.66,1.0,1.0,0.63,1041.8
2020-01-16 11:00:00,8.7,25.56,13.05,1.0,2.0,0.59,1042.1
2020-01-16 12:00:00,6.84,26.1,12.2,1.0,3.0,0.55,1041.8
2020-01-16 13:00:00,5.57,26.38,10.99,1.0,3.0,0.52,1040.9
2020-01-16 14:00:00,7.26,26.96,10.14,1.0,2.0,0.49,1040.0
2020-01-16 15:00:00,7.69,27.81,9.35,1.0,2.0,0.45,1040.1
2020-01-16 16:00:00,5.1,27.68,8.62,1.0,1.0,0.44,1039.9
2020-01-16 17:00:00,5.82,27.8,8.39,1.0,0.0,0.43,1040.1
2020-01-16 18:00:00,5.43,27.05,7.73,1.0,0.0,0.43,1040.0
2020-01-16 19:00:00,5.66,26.08,6.19,1.0,0.0,0.42,1041.3
2020-01-16 20:00:00,4.08,26.1,6.68,1.0,0.0,0.43,1041.6
2020-01-16 21:00:00,2.05,26.48,7.04,1.0,0.0,0.43,1041.9
2020-01-16 22:00:00,2.13,26.96,7.41,1.0,0.0,0.43,1041.9
2020-01-16 23:00:00,1.98,27.08,7.8,1.0,0.0,0.44,1042.2
2020-01-17 00:00:00,2.37,25.93,6.99,0.88,0.0,0.44,1041.9
2020-01-17 01:00:00,1.48,24.42,7.32,0.11,0.0,0.48,1041.8
2020-01-17 02:00:00,1.09,22.92,7.53,0.11,0.0,0.51,1041.7
2020-01-17 03:00:00,0.67,21.04,7.91,0.0,0.0,0.56,1042.6
2020-01-17 04:00:00,0.82,19.41,7.66,0.0,0.0,0.6,1042.9
2020-01-17 05:00:00,0.7,18.12,7.64,0.0,0.0,0.63,1043.0
2020-01-17 06:00:00,1.48,17.03,7.6,0.0,0.0,0.66,1042.7
2020-01-17 07:00:00,1.03,16.44,7.15,0.0,0.0,0.66,1042.9
2020-01-17 08:00:00,1.47,16.48,7.55,0.0,0.0,0.67,1043.1
2020-01-17 09:00:00,2.68,20.34,7.98,0.0,1.0,0.58,1043.1
2020-01-17 10:00:00,5.09,23.96,7.76,0.0,2.0,0.49,1043.4
2020-01-17 11:00:00,2.73,27.19,8.8,0.0,3.0,0.45,1043.2
2020-01-17 12:00:00,3.51,30.39,9.61,0.0,4.0,0.41,1041.9
2020-01-17 13:00:00,2.01,32.87,10.07,0.0,4.0,0.38,1040.3
2020-01-17 14:00:00,1.45,34.87,9.98,0.0,3.0,0.35,1039.1
2020-01-17 15:00:00,1.33,35.77,10.53,0.0,2.0,0.35,1038.7
2020-01-17 16:00:00,1.19,36.28,10.7,0.0,1.0,0.34,1038.3
2020-01-17 17:00:00,0.96,35.55,10.61,0.0,0.0,0.35,1038.1
2020-01-17 18:00:00,0.19,33.18,11.22,0.0,0.0,0.4,1037.9
2020-01-17 19:00:00,0.12,30.42,12.62,0.0,0.0,0.47,1038.4
2020-01-17 20:00:00,0.05,29.07,13.45,0.0,0.0,0.52,1038.7
2020-01-17 21:00:00,0.03,28.14,14.35,0.66,0.0,0.56,1038.8
2020-01-17 22:00:00,0.04,27.79,14.41,0.44,0.0,0.57,1038.5
2020-01-17 23:00:00,0.02,27.24,14.27,0.13,0.0,0.58,1038.1
2020-01-18 00:00:00,0.04,26.62,14.86,0.5,0.0,0.61,1037.1
2020-01-18 01:00:00,0.2,26.63,15.05,0.73,0.0,0.61,1036.6
2020-01-18 02:00:00,0.14,27.56,15.28,0.73,0.0,0.59,1036.3
2020-01-18 03:00:00,0.03,27.93,15.13,1.0,0.0,0.58,1035.9
2020-01-18 04:00:00,0.01,28.61,15.37,1.0,0.0,0.57,1035.8
2020-01-18 05:00:00,0.01,29.29,16.3,1.0,0.0,0.58,1035.5
2020-01-18 06:00:00,0.01,29.83,16.72,1.0,0.0,0.58,1035.1
2020-01-18 07:00:00,0.0,30.02,16.59,1.0,0.0,0.57,1035.2
2020-01-18 08:00:00,0.03,30.62,16.32,1.0,0.0,0.55,1035.2
2020-01-18 09:00:00,0.09,31.35,16.74,1.0,1.0,0.54,1035.3
2020-01-18 10:00:00,0.44,32.7,16.89,1.0,1.0,0.52,1036.0
2020-01-18 11:00:00,0.58,34.08,16.98,1.0,2.0,0.49,1035.8
2020-01-18 12:00:00,1.09,36.2,17.22,1.0,3.0,0.46,1034.9
2020-01-18 13:00:00,1.48,39.12,18.0,1.0,3.0,0.42,1032.9
2020-01-18 14:00:00,0.92,41.44,17.68,1.0,3.0,0.38,1031.3
2020-01-18 15:00:00,1.82,42.91,17.52,1.0,2.0,0.36,1030.8
2020-01-18 16:00:00,1.44,44.05,17.15,1.0,1.0,0.34,1030.1
2020-01-18 17:00:00,1.2,43.62,16.48,1.0,0.0,0.33,1029.9
2020-01-18 18:00:00,0.46,43.18,17.29,1.0,0.0,0.35,1029.8
2020-01-18 19:00:00,0.28,42.7,18.26,1.0,0.0,0.37,1029.9
2020-01-18 20:00:00,0.84,42.06,19.19,1.0,0.0,0.4,1029.9
2020-01-18 21:00:00,0.78,41.11,20.51,1.0,0.0,0.43,1029.6
2020-01-18 22:00:00,0.92,40.03,22.09,0.91,0.0,0.48,1029.1
2020-01-18 23:00:00,0.44,38.82,21.82,0.71,0.0,0.5,1028.7
2020-01-19 00:00:00,0.54,38.74,22.34,0.78,0.0,0.51,1028.4
2020-01-19 01:00:00,0.73,39.2,23.03,1.0,0.0,0.52,1027.8
2020-01-19 02:00:00,0.89,39.38,23.45,1.0,0.0,0.53,1027.4
2020-01-19 03:00:00,0.74,39.5,23.87,1.0,0.0,0.53,1026.7
2020-01-19 04:00:00,0.24,39.54,24.82,1.0,0.0,0.55,1026.2
2020-01-19 05:00:00,0.23,39.88,25.7,1.0,0.0,0.57,1025.8
2020-01-19 06:00:00,0.26,39.81,26.52,1.0,0.0,0.59,1025.5
2020-01-19 07:00:00,0.12,40.09,29.47,1.0,0.0,0.66,1025.8
2020-01-19 08:00:00,0.19,40.23,31.11,1.0,0.0,0.7,1025.5
2020-01-19 09:00:00,0.23,41.1,32.26,1.0,1.0,0.71,1025.6
2020-01-19 10:00:00,0.3,43.47,33.67,1.0,1.0,0.68,1025.7
2020-01-19 11:00:00,0.95,45.93,33.85,1.0,2.0,0.63,1025.6
2020-01-19 12:00:00,0.79,46.96,36.97,1.0,3.0,0.68,1024.7
2020-01-19 13:00:00,0.41,47.29,40.26,1.0,3.0,0.76,1023.0
2020-01-19 14:00:00,0.73,49.15,42.15,1.0,3.0,0.77,1021.5
2020-01-19 15:00:00,0.91,50.81,43.87,1.0,2.0,0.77,1020.6
2020-01-19 16:00:00,0.89,52.47,44.63,1.0,1.0,0.75,1019.8
2020-01-19 17:00:00,0.46,52.89,45.63,1.0,0.0,0.76,1019.4
2020-01-19 18:00:00,0.62,52.43,46.77,1.0,0.0,0.81,1019.0
2020-01-19 19:00:00,0.15,51.78,47.92,1.0,0.0,0.87,1019.1
2020-01-19 20:00:00,0.04,51.1,48.81,1.0,0.0,0.92,1019.3
2020-01-19 21:00:00,0.01,50.88,48.94,1.0,0.0,0.93,1019.4
2020-01-19 22:00:00,0.08,50.91,49.35,1.0,0.0,0.94,1019.5
2020-01-19 23:00:00,0.41,50.97,49.91,1.0,0.0,0.96,1019.5
2020-01-20 00:00:00,2.81,51.61,50.64,1.0,0.0,0.96,1019.2
2020-01-20 01:00:00,4.31,51.95,50.81,1.0,0.0,0.96,1018.9
2020-01-20 02:00:00,4.05,51.8,50.7,1.0,0.0,0.96,1018.3
2020-01-20 03:00:00,2.7,51.89,50.74,1.0,0.0,0.96,1017.9
2020-01-20 04:00:00,2.07,52.27,51.26,1.0,0.0,0.96,1017.6
2020-01-20 05:00:00,2.04,52.64,51.64,1.0,0.0,0.96,1017.2
2020-01-20 06:00:00,2.06,52.73,51.71,1.0,0.0,0.96,1017.0
2020-01-20 07:00:00,0.78,53.1,51.99,1.0,0.0,0.96,1017.2
2020-01-20 08:00:00,0.66,52.93,51.74,1.0,0.0,0.96,1017.5
2020-01-20 09:00:00,1.31,53.91,52.54,1.0,1.0,0.95,1018.3
2020-01-20 10:00:00,2.09,55.64,53.82,1.0,1.0,0.94,1018.8
2020-01-20 11:00:00,4.14,57.72,55.52,1.0,2.0,0.92,1018.7
2020-01-20 12:00:00,4.22,60.78,56.49,1.0,3.0,0.86,1017.8
2020-01-20 13:00:00,5.77,63.8,57.01,0.91,3.0,0.79,1016.7
2020-01-20 14:00:00,6.37,64.61,57.28,0.39,3.0,0.77,1015.7
2020-01-20 15:00:00,5.83,64.38,56.84,0.98,2.0,0.77,1015.2
2020-01-20 16:00:00,4.53,63.3,57.28,0.96,1.0,0.81,1014.9
2020-01-20 17:00:00,4.93,62.58,56.72,0.98,0.0,0.81,1015.4
2020-01-20 18:00:00,3.88,61.49,56.64,1.0,0.0,0.84,1015.3
2020-01-20 19:00:00,2.05,60.2,56.47,1.0,0.0,0.87,1015.5
2020-01-20 20:00:00,0.52,58.58,55.76,1.0,0.0,0.9,1015.5
2020-01-20 21:00:00,0.2,56.31,54.46,0.82,0.0,0.94,1015.6
2020-01-20 22:00:00,0.25,55.97,54.14,1.0,0.0,0.94,1015.9
2020-01-20 23:00:00,0.5,56.34,54.52,1.0,0.0,0.94,1016.0
2020-01-21 00:00:00,2.13,58.25,56.08,1.0,0.0,0.92,1015.6
2020-01-21 01:00:00,3.36,60.15,58.48,1.0,0.0,0.94,1014.7
2020-01-21 02:00:00,4.19,61.05,59.83,1.0,0.0,0.96,1014.3
2020-01-21 03:00:00,2.88,62.34,60.86,1.0,0.0,0.95,1014.0
2020-01-21 04:00:00,3.68,63.21,61.74,1.0,0.0,0.95,1013.3
2020-01-21 05:00:00,4.01,64.16,62.44,1.0,0.0,0.94,1013.2
2020-01-21 06:00:00,4.27,64.39,62.46,1.0,0.0,0.93,1012.6
2020-01-21 07:00:00,4.52,64.54,62.69,1.0,0.0,0.94,1012.8
2020-01-21 08:00:00,3.52,64.62,62.79,1.0,0.0,0.94,1013.1
2020-01-21 09:00:00,3.99,65.33,63.35,1.0,1.0,0.93,1013.5
2020-01-21 10:00:00,3.63,66.28,63.75,1.0,1.0,0.92,1013.8
2020-01-21 11:00:00,4.68,67.27,64.41,1.0,2.0,0.91,1013.7
2020-01-21 12:00:00,5.34,68.55,64.62,1.0,3.0,0.87,1012.5
2020-01-21 13:00:00,6.41,69.1,64.27,1.0,3.0,0.85,1011.0
2020-01-21 14:00:00,6.73,69.78,64.03,1.0,3.0,0.82,1009.7
2020-01-21 15:00:00,6.25,70.41,63.93,1.0,2.0,0.8,1009.1
2020-01-21 16:00:00,3.95,70.1,64.18,1.0,1.0,0.82,1009.2
2020-01-21 17:00:00,4.05,69.31,64.01,0.97,0.0,0.83,1009.2
2020-01-21 18:00:00,1.89,68.1,63.96,0.75,0.0,0.87,1009.8
2020-01-21 19:00:00,1.22,66.37,63.62,0.58,0.0,0.91,1010.0
2020-01-21 20:00:00,0.82,64.71,62.52,0.61,0.0,0.93,1010.7
2020-01-21 21:00:00,0.66,64.16,62.28,0.21,0.0,0.94,1011.3
2020-01-21 22:00:00,0.52,63.43,61.83,0.66,0.0,0.94,1011.9
2020-01-21 23:00:00,0.78,63.25,61.99,0.76,0.0,0.96,1013.0
2020-01-22 00:00:00,0.28,61.92,60.03,0.75,0.0,0.94,1013.2
2020-01-22 01:00:00,0.73,59.58,56.89,0.94,0.0,0.91,1013.7
2020-01-22 02:00:00,0.63,56.76,52.27,0.75,0.0,0.85,1013.9
2020-01-22 03:00:00,1.37,55.09,41.78,0.04,0.0,0.61,1014.1
2020-01-22 04:00:00,1.36,53.49,34.91,0.0,0.0,0.49,1014.8
2020-01-22 05:00:00,2.19,52.06,29.82,0.0,0.0,0.42,1015.8
2020-01-22 06:00:00,1.49,50.22,26.15,0.0,0.0,0.39,1016.6
2020-01-22 07:00:00,1.09,48.23,26.07,0.0,0.0,0.42,1017.7
2020-01-22 08:00:00,1.1,46.62,26.3,0.0,0.0,0.45,1018.6
2020-01-22 09:00:00,3.52,50.03,27.06,0.0,1.0,0.41,1019.6
2020-01-22 10:00:00,5.7,53.34,28.0,0.0,2.0,0.37,1020.6
2020-01-22 11:00:00,5.15,57.11,27.26,0.0,3.0,0.32,1021.1
2020-01-22 12:00:00,6.15,59.69,24.54,0.0,4.0,0.26,1020.2
2020-01-22 13:00:00,5.31,61.18,24.36,0.0,4.0,0.24,1018.8
2020-01-22 14:00:00,4.7,62.48,23.41,0.0,4.0,0.22,1018.0
2020-01-22 15:00:00,5.06,63.15,23.74,0.0,2.0,0.22,1017.9
2020-01-22 16:00:00,5.89,63.22,23.08,0.0,1.0,0.21,1018.1
2020-01-22 17:00:00,4.64,62.25,23.98,0.0,0.0,0.23,1018.7
2020-01-22 18:00:00,1.04,59.34,24.67,0.0,0.0,0.26,1019.6
2020-01-22 19:00:00,0.34,53.95,25.15,0.0,0.0,0.33,1020.3
2020-01-22 20:00:00,0.47,51.76,25.27,0.0,0.0,0.35,1020.9
2020-01-22 21:00:00,0.37,49.2,25.15,0.0,0.0,0.39,1021.7
2020-01-22 22:00:00,0.29,46.67,24.3,0.0,0.0,0.41,1021.8
2020-01-22 23:00:00,0.45,44.85,24.48,0.0,0.0,0.44,1022.1
2020-01-23 00:00:00,0.34,42.94,25.63,0.0,0.0,0.5,1022.1
2020-01-23 01:00:00,0.19,41.07,25.86,0.0,0.0,0.54,1022.7
2020-01-23 02:00:00,0.29,39.2,25.81,0.0,0.0,0.58,1022.7
2020-01-23 03:00:00,0.3,37.85,25.86,0.0,0.0,0.62,1022.9
2020-01-23 04:00:00,0.15,37.15,25.83,0.0,0.0,0.63,1023.1
2020-01-23 05:00:00,0.09,36.74,25.24,0.0,0.0,0.63,1023.4
2020-01-23 06:00:00,0.3,36.05,24.88,0.0,0.0,0.64,1024.3
2020-01-23 07:00:00,0.51,35.8,24.83,0.0,0.0,0.64,1025.2
2020-01-23 08:00:00,0.44,35.43,25.01,0.0,0.0,0.65,1026.0
2020-01-23 09:00:00,0.34,42.36,26.8,0.0,1.0,0.54,1026.4
2020-01-23 10:00:00,0.65,50.29,26.96,0.0,2.0,0.4,1027.3
2020-01-23 11:00:00,1.18,56.09,24.73,0.0,3.0,0.3,1027.4
2020-01-23 12:00:00,0.93,59.3,23.63,0.0,4.0,0.25,1026.8
2020-01-23 13:00:00,1.14,61.58,21.75,0.0,4.0,0.21,1025.3
2020-01-23 14:00:00,1.39,62.84,20.71,0.0,4.0,0.2,1024.4
2020-01-23 15:00:00,0.76,63.97,20.37,0.0,2.0,0.19,1024.1
2020-01-23 16:00:00,1.09,63.99,20.34,0.0,1.0,0.19,1024.1
2020-01-23 17:00:00,0.7,62.52,21.15,0.0,0.0,0.2,1024.3
2020-01-23 18:00:00,0.16,58.97,23.86,0.0,0.0,0.26,1025.1
2020-01-23 19:00:00,0.02,52.76,25.03,0.0,0.0,0.34,1026.0
2020-01-23 20:00:00,0.08,48.86,25.6,0.0,0.0,0.4,1026.9
2020-01-23 21:00:00,0.01,45.25,26.36,0.88,0.0,0.47,1027.8
2020-01-23 22:00:00,0.03,42.67,26.29,0.0,0.0,0.52,1028.1
2020-01-23 23:00:00,0.02,41.36,26.53,0.0,0.0,0.55,1028.5
2020-01-24 00:00:00,0.05,39.28,27.55,0.0,0.0,0.63,1028.4
2020-01-24 01:00:00,0.08,38.59,27.06,0.0,0.0,0.63,1028.6
2020-01-24 02:00:00,0.17,37.5,27.08,0.0,0.0,0.66,1028.7
2020-01-24 03:00:00,0.43,35.85,27.18,0.0,0.0,0.7,1029.0
2020-01-24 04:00:00,0.14,35.1,26.97,0.0,0.0,0.72,1029.1
2020-01-24 05:00:00,0.29,35.24,26.65,0.0,0.0,0.71,1029.7
2020-01-24 06:00:00,0.32,34.76,25.34,0.0,0.0,0.68,1030.4
2020-01-24 07:00:00,0.43,33.99,25.63,0.0,0.0,0.71,1031.5
2020-01-24 08:00:00,0.47,34.45,25.53,0.0,0.0,0.7,1032.4
2020-01-24 09:00:00,0.76,41.6,27.56,0.0,1.0,0.57,1033.0
2020-01-24 10:00:00,1.3,49.93,26.42,0.0,2.0,0.4,1033.4
2020-01-24 11:00:00,1.04,55.46,25.25,0.0,3.0,0.31,1033.7
2020-01-24 12:00:00,1.31,58.79,25.22,0.0,4.0,0.27,1032.8
2020-01-24 13:00:00,1.1,60.78,24.11,0.0,4.0,0.24,1031.7
2020-01-24 14:00:00,0.59,61.97,24.66,0.0,4.0,0.24,1030.5
2020-01-24 15:00:00,1.04,63.1,23.93,0.0,3.0,0.22,1029.7
2020-01-24 16:00:00,0.47,63.24,24.27,0.0,1.0,0.23,1029.5
2020-01-24 17:00:00,0.29,62.35,24.14,0.0,0.0,0.23,1029.8
2020-01-24 18:00:00,0.05,58.75,25.76,0.0,0.0,0.28,1030.1
2020-01-24 19:00:00,0.09,51.66,27.0,0.0,0.0,0.38,1030.9
2020-01-24 20:00:00,0.01,48.61,27.03,0.0,0.0,0.43,1031.1
2020-01-24 21:00:00,0.06,44.6,27.56,0.0,0.0,0.51,1031.1
2020-01-24 22:00:00,0.02,41.14,27.75,0.0,0.0,0.59,1031.0
2020-01-24 23:00:00,0.02,39.8,28.15,0.0,0.0,0.63,1031.1
2020-01-25 00:00:00,0.0,38.45,28.15,0.0,0.0,0.66,1031.0
2020-01-25 01:00:00,0.0,36.77,27.77,0.0,0.0,0.7,1030.6
2020-01-25 02:00:00,0.0,35.33,27.7,0.0,0.0,0.73,1030.5
2020-01-25 03:00:00,0.0,33.82,27.07,0.0,0.0,0.76,1030.5
2020-01-25 04:00:00,0.04,33.58,27.22,0.0,0.0,0.77,1030.6
2020-01-25 05:00:00,0.0,32.71,26.97,0.0,0.0,0.79,1030.5
2020-01-25 06:00:00,0.0,31.95,27.07,0.0,0.0,0.82,1030.9
2020-01-25 07:00:00,0.0,31.07,26.69,0.0,0.0,0.84,1031.5
2020-01-25 08:00:00,0.0,32.25,27.8,0.0,0.0,0.83,1031.5
2020-01-25 09:00:00,0.0,39.08,31.99,0.0,1.0,0.76,1031.6
2020-01-25 10:00:00,0.09,49.31,33.73,0.0,2.0,0.55,1031.8
2020-01-25 11:00:00,2.95,56.18,31.97,0.0,3.0,0.4,1031.6
2020-01-25 12:00:00,4.26,59.12,30.68,0.0,4.0,0.34,1030.7
2020-01-25 13:00:00,3.96,61.12,29.6,0.0,5.0,0.3,1029.3
2020-01-25 14:00:00,4.29,62.55,29.45,0.28,4.0,0.29,1027.9
2020-01-25 15:00:00,4.29,63.46,29.09,0.72,2.0,0.27,1026.7
2020-01-25 16:00:00,3.43,62.88,29.32,0.74,1.0,0.28,1026.5
2020-01-25 17:00:00,3.72,61.2,30.16,0.92,0.0,0.31,1026.2
2020-01-25 18:00:00,2.19,59.58,29.6,0.97,0.0,0.32,1026.5
2020-01-25 19:00:00,2.64,57.99,28.38,1.0,0.0,0.32,1026.7
2020-01-25 20:00:00,1.94,56.68,29.65,1.0,0.0,0.35,1027.0
2020-01-25 21:00:00,1.9,55.96,31.52,1.0,0.0,0.39,1027.3
2020-01-25 22:00:00,1.8,55.18,36.87,1.0,0.0,0.5,1027.2
2020-01-25 23:00:00,2.29,54.15,40.42,1.0,0.0,0.6,1027.0